{"roc_auc": 0.7522321428571428, "accuracy": 0.75, "precision": 0.7096774193548387, "recall": 0.7857142857142857, "f1_score": 0.7457627118644068}