{"roc_auc": 0.8013392857142857, "accuracy": 0.8, "precision": 0.7666666666666667, "recall": 0.8214285714285714, "f1_score": 0.793103448275862}